all_completed,broker_cmds_per_task,duplicates_total,e2e_p50_ms,e2e_p99_ms,enqueue_rate,errors,exec_p50_ms,failed_attempts_median,lost_total,not_completed_max,outstanding_max,profile,recovery_seconds,redis_cpu_ms_per_task,redis_cpu_seconds,redis_mem_peak_mb,redis_net_in_mb,redis_net_out_mb,runs,sched_lateness_p50_ms,sched_lateness_p99_ms,settings,start_p50_ms,start_p50_ms[bulk],start_p50_ms[normal],start_p50_ms[urgent],start_p95_ms,start_p99_ms,start_p99_ms[bulk],start_p99_ms[normal],start_p99_ms[urgent],system,tasks,throughput,throughput_cv_pct,throughput_max,throughput_min,throughput_runs,worker_cpu_ms_per_task,worker_cpu_seconds,worker_rss_peak_mb,workload
True,5.5085,0,4904.382743000042,9726.924271919816,2924.223322857036,0,20.107056500364706,0,0,0,0,A-alo,,0.14652370000000586,1.4652370000000587,3.35276,4.222585,2.34347,5,,,"{""concurrency"": 16, ""mode"": ""reliable"", ""processes"": 1, ""producer"": ""sync"", ""style"": ""sync"", ""system"": ""blitzq"", ""visibility_timeout"": 10}",4884.287647500059,,,,9313.607392349695,9706.843811530089,,,,blitzq,10000,755.1480468795256,0.12361312310502444,755.5284729390185,753.262587753758,"[755.5, 755.5, 754.6, 755.1, 753.3]",0.6500000000000001,6.500000000000001,38.760448,async-io
True,10.0201,0,4353.278731499813,8729.658338779738,1972.0273092888144,0,20.114103000196337,0,0,0,0,A-alo,,0.2593670999999915,2.5936709999999152,8.985392,25.583091,11.282236,5,,,"{""acks_late"": true, ""concurrency"": 16, ""pool"": ""prefork"", ""prefetch"": 4, ""processes"": 1, ""producer"": ""sync"", ""system"": ""celery"", ""visibility_timeout"": 10}",4333.162622499913,,,,8353.63102100032,8709.552753929738,,,,celery,10000,720.2802115672164,0.3748406662982994,723.8465924705464,716.2462384796642,"[723.8, 720.2, 716.2, 720.3, 720.7]",1.32,13.2,815.345664,async-io
True,3.0514,0,94.94518100018468,138.61617962985292,74723.99180427488,0,25.36063199977434,0,0,0,0,B-alo,,0.012830000000002428,0.12830000000002428,3.706664,2.914902,2.036428,5,,,"{""concurrency"": 500, ""mode"": ""reliable"", ""processes"": 4, ""producer"": ""batch"", ""producers"": 4, ""style"": ""async"", ""system"": ""blitzq"", ""visibility_timeout"": 10}",67.79505200029234,,,,97.0463973500955,100.15775466004925,,,,blitzq,10000,41806.88574222543,1.7941603434716715,42387.360231563616,40374.50584139655,"[41806.9, 40374.5, 41852.8, 42387.4, 41646.7]",0.08399999999999999,0.84,161.439744,async-io
True,10.0121,0,1067.7850274996672,1870.9489644196856,5070.475260726236,0,20.10815149969858,0,0,0,0,B-alo,,0.2204970000000003,2.204970000000003,8.138904,25.581743,11.222615,5,,,"{""acks_late"": true, ""concurrency"": 16, ""pool"": ""prefork"", ""prefetch"": 4, ""processes"": 4, ""producer"": ""sync"", ""producers"": 4, ""system"": ""celery"", ""visibility_timeout"": 10}",1047.6709279996612,,,,1792.8552785998818,1850.8481495295564,,,,celery,10000,2631.745162160189,1.818538287146084,2655.631290689587,2554.8461057625996,"[2554.8, 2655.6, 2558.4, 2631.7, 2637.5]",1.6600000000000001,16.6,3258.331136,async-io
True,4.4643,0,1.728567499867495,2.574796279550353,2777.0330662201586,0,0.0018330001694266684,0,0,0,0,A-alo,,0.10311019999999947,3.093305999999984,2.60076,11.027594,6.422003,5,,,"{""concurrency"": 16, ""mode"": ""reliable"", ""processes"": 1, ""producer"": ""sync"", ""style"": ""sync"", ""system"": ""blitzq"", ""visibility_timeout"": 10}",1.7268229998990137,,,,2.292293700202208,2.572910279468486,,,,blitzq,30000,2776.6583278654207,0.24184859447519053,2785.051460574887,2769.127001947567,"[2785.1, 2769.1, 2784.9, 2776.2, 2776.7]",0.40599999999999997,12.179999999999998,38.764544,burst-publish
True,10.014066666666666,0,8818.927630000417,16674.738823950145,2024.4747536489215,0,0.0015074997463671025,0,0,0,0,A-alo,,0.2227025666666672,6.681077000000016,19.279408,76.377933,33.596886,5,,,"{""acks_late"": true, ""concurrency"": 16, ""pool"": ""prefork"", ""prefetch"": 4, ""processes"": 1, ""producer"": ""sync"", ""system"": ""celery"", ""visibility_timeout"": 10}",8818.926357500004,,,,16032.524293749748,16674.73699395954,,,,celery,30000,946.831025556204,0.3919009913704527,954.084244817936,944.9349799014165,"[950.0, 954.1, 946.8, 946.0, 944.9]",1.0866666666666667,32.6,778.4448,burst-publish
True,1.8205,0,1.1522975000843871,1.725709139864193,2862.0934755613966,0,0.0018939999790745787,0,0,0,0,A-amo,,0.08503169999999803,2.550950999999941,2.575096,5.402402,3.469478,5,,,"{""concurrency"": 16, ""mode"": ""fast"", ""processes"": 1, ""producer"": ""sync"", ""style"": ""sync"", ""system"": ""blitzq"", ""visibility_timeout"": 10}",1.150319000316813,,,,1.5054560003591178,1.7238052499942567,,,,blitzq,30000,2861.9043619727145,0.3083378107709955,2873.7965318565193,2851.8770638744973,"[2873.8, 2851.9, 2861.9, 2867.6, 2855.8]",0.4046666666666666,12.139999999999999,38.756352,burst-publish
True,10.013866666666667,0,8534.081942500052,16135.97792989992,2030.9157513673945,0,0.0014730003385921009,0,0,0,0,A-amo,,0.22245089999999929,6.673526999999979,19.101176,76.377727,33.593907,5,,,"{""acks_late"": false, ""concurrency"": 16, ""pool"": ""prefork"", ""prefetch"": 4, ""processes"": 1, ""producer"": ""sync"", ""system"": ""celery"", ""visibility_timeout"": 10}",8534.080515000369,,,,15519.367784599808,16135.976516499848,,,,celery,30000,963.7901015209297,0.8657691308143596,970.4438705397672,951.4729789644633,"[951.5, 963.8, 966.7, 970.4, 953.5]",1.0719999999999998,32.16,778.436608,burst-publish
True,3.038133333333333,0,160.18297649998203,264.0147135101597,122710.19303010635,0,0.000490999809699133,0,0,0,0,B-alo,,0.011599766666665802,0.347992999999974,4.13552,8.748672,6.108485,5,,,"{""concurrency"": 200, ""mode"": ""reliable"", ""processes"": 4, ""producer"": ""batch"", ""producers"": 4, ""style"": ""async"", ""system"": ""blitzq"", ""visibility_timeout"": 10}",160.18249550006658,,,,258.2542046002345,264.0142126104547,,,,blitzq,30000,62748.88744858931,2.4832839615832514,65474.55328748838,61827.44810392936,"[65474.6, 62426.8, 64737.9, 61827.4, 62748.9]",0.061666666666666654,1.8499999999999999,156.782592,burst-publish
True,10.0062,0,2414.799742000014,3906.9148701000536,5930.274683915748,0,0.0032069992812466808,0,0,0,0,B-alo,,0.19605606666666517,5.881681999999955,17.829568,76.371707,33.460174,5,,,"{""acks_late"": true, ""concurrency"": 8, ""pool"": ""prefork"", ""prefetch"": 4, ""processes"": 4, ""producer"": ""sync"", ""producers"": 4, ""system"": ""celery"", ""visibility_timeout"": 10}",2414.795504000267,,,,3795.9295045002364,3906.9121751103644,,,,celery,30000,3335.482120590032,0.6332651563980803,3361.929015107331,3312.3793719557634,"[3361.9, 3360.9, 3312.4, 3335.5, 3330.6]",1.251,37.53,1703.1168,burst-publish
True,4.049,0,13414.876024000023,26528.35310787026,2821.2817782231664,0,45.4031164999833,0,0,0,0,A-alo,,0.17268150000001015,0.3453630000000203,2.817072,0.693113,0.588298,5,,,"{""concurrency"": 16, ""mode"": ""reliable"", ""processes"": 1, ""producer"": ""sync"", ""style"": ""sync"", ""system"": ""blitzq"", ""visibility_timeout"": 10}",13360.37771149995,,,,25389.954381649746,26486.338514520314,,,,blitzq,2000,72.75422524962146,0.7453859097357967,73.53216766924734,72.25223872619813,"[72.3, 73.3, 73.5, 72.8, 72.4]",14.105,28.21,38.449152,cpu-bound
True,10.0405,0,1407.0127085001332,2746.3478890401802,1460.1905789348286,0,25.210783999682462,0,0,0,0,A-alo,,0.21558900000002268,0.43117800000004536,4.127792,5.153475,2.291335,5,,,"{""acks_late"": true, ""concurrency"": 16, ""pool"": ""prefork"", ""prefetch"": 4, ""processes"": 1, ""producer"": ""sync"", ""system"": ""celery"", ""visibility_timeout"": 10}",1378.1224080003085,,,,2610.753632849901,2720.109747039951,,,,celery,2000,486.10652913511933,1.685570131441461,491.44192067891635,469.80424741117804,"[486.4, 483.6, 469.8, 486.1, 491.4]",21.65,43.3,814.948352,cpu-bound
True,5.948,0,2143.4200129997407,4168.464307890754,45500.45541398034,0,15.142956000545382,0,0,0,0,B-alo,,0.1216399999999851,0.2432799999999702,2.790264,0.910758,0.537063,5,,,"{""concurrency"": 16, ""cpu_executor"": ""process"", ""mode"": ""reliable"", ""process_pool"": 8, ""processes"": 1, ""producer"": ""batch"", ""producers"": 1, ""style"": ""sync"", ""system"": ""blitzq"", ""visibility_timeout"": 10}",2124.8396109999703,,,,3990.823859200191,4152.2041102401545,,,,blitzq,2000,471.80516246066713,1.211169391805397,479.3822894198784,465.50372073951405,"[479.4, 477.4, 469.3, 465.5, 471.8]",17.65,35.3,297.525248,cpu-bound
True,10.0425,0,1710.2783864997946,3322.4464715703107,1740.7855085543931,0,14.800781500071025,0,0,0,0,B-alo,,0.26399849999998537,0.5279969999999707,4.294416,5.153714,2.293069,5,,,"{""acks_late"": true, ""concurrency"": 8, ""pool"": ""prefork"", ""prefetch"": 4, ""processes"": 1, ""producer"": ""sync"", ""producers"": 1, ""system"": ""celery"", ""visibility_timeout"": 10}",1696.4601839999887,,,,3176.5499348997764,3307.2391187194626,,,,celery,2000,444.81475213255464,1.7623820702435373,454.8746363614964,434.52586077813174,"[444.1, 451.6, 454.9, 434.5, 444.8]",17.7,35.4,435.208192,cpu-bound
True,4.286,0,2.198565999606217,3.4118898294400446,2298.6174579141148,0,0.001838000116549665,0,0,0,0,A-alo,,0.1981826666666772,0.5945480000000316,3.606144,308.297475,307.872949,5,,,"{""concurrency"": 16, ""mode"": ""reliable"", ""processes"": 1, ""producer"": ""sync"", ""style"": ""sync"", ""system"": ""blitzq"", ""visibility_timeout"": 10}",2.1966819999761356,,,,3.055657350023467,3.4097402193765465,,,,blitzq,3000,2296.116802213031,1.3158539598710708,2307.0794409127543,2240.3570445669843,"[2252.3, 2240.4, 2296.1, 2296.5, 2307.1]",0.4833333333333332,1.4499999999999997,39.641088,large-payload
True,10.036333333333333,0,1632.1345890000885,2913.882898760458,886.2367973072863,0,0.0036769997677765787,0,0,0,0,A-alo,,0.5254830000000084,1.576449000000025,242.39792,832.878456,416.006778,5,,,"{""acks_late"": true, ""concurrency"": 16, ""pool"": ""prefork"", ""prefetch"": 4, ""processes"": 1, ""producer"": ""sync"", ""system"": ""celery"", ""visibility_timeout"": 10}",1632.1308370002043,,,,2800.486025849932,2913.8792634702713,,,,celery,3000,474.0889875042529,0.975677715851298,483.01486417240653,472.20334361126373,"[472.2, 474.1, 472.7, 483.0, 478.8]",2.4333333333333336,7.3,781.98784,large-payload
True,3.0773333333333333,0,488.06646800039744,663.5881019002136,5206.875100952326,0,0.0005709998731617816,0,0,0,0,B-alo,,0.25260033333334303,0.757801000000029,261.860952,308.109993,307.853794,5,,,"{""concurrency"": 200, ""mode"": ""reliable"", ""processes"": 4, ""producer"": ""batch"", ""producers"": 4, ""style"": ""async"", ""system"": ""blitzq"", ""visibility_timeout"": 10}",488.06573700039735,,,,662.8119971499018,663.5876107995045,,,,blitzq,3000,3811.963204586631,2.385470856726599,3888.173400899148,3650.239373146374,"[3650.2, 3759.8, 3836.0, 3812.0, 3888.2]",0.22999999999999998,0.69,288.190464,large-payload
True,10.035,0,615.6079559996215,913.894346679981,2010.2372026435646,0,0.00534999981027795,0,0,0,0,B-alo,,0.5074483333333244,1.522344999999973,222.282592,832.878959,415.983026,5,,,"{""acks_late"": true, ""concurrency"": 8, ""pool"": ""prefork"", ""prefetch"": 4, ""processes"": 4, ""producer"": ""sync"", ""producers"": 4, ""system"": ""celery"", ""visibility_timeout"": 10}",615.603126499991,,,,895.4182079005477,913.8906975597911,,,,celery,3000,1264.5182826726907,1.6986355774491129,1278.3118467856307,1225.1434159315536,"[1225.1, 1275.0, 1264.5, 1278.3, 1253.9]",3.4299999999999997,10.29,1723.789312,large-payload
True,4.4589,0,2.1612529994854413,4.221225349883748,2730.3858889379812,0,0.0018239998098579235,0,0,0,0,A-alo,,0.10710199999999759,2.1420399999999518,2.627448,7.582567,4.197854,5,,,"{""concurrency"": 16, ""mode"": ""reliable"", ""processes"": 1, ""producer"": ""sync"", ""style"": ""sync"", ""system"": ""blitzq"", ""visibility_timeout"": 10}",2.1595129996967444,2.1429239995995886,2.2461339999608754,2.1356645002015284,3.2449760491999764,4.219370659493501,3.8256757504768757,5.049759909825298,4.988522219900907,blitzq,20000,2729.7765520302364,0.30348134966362245,2746.5163586809417,2725.64044961356,"[2725.6, 2733.8, 2746.5, 2729.8, 2727.7]",0.40850000000000003,8.17,38.858752,multi-queue-uneven
True,10.0243,0,7218.844841999726,11392.708334849929,2020.8403348735844,0,0.0015120003808988258,0,0,0,0,A-alo,,0.22329334999999445,4.465866999999889,13.743928,52.427916,22.133583,5,,,"{""acks_late"": true, ""concurrency"": 16, ""pool"": ""prefork"", ""prefetch"": 4, ""processes"": 1, ""producer"": ""sync"", ""system"": ""celery"", ""visibility_timeout"": 10}",7218.8434394997785,8081.6546779997225,4.026317999887397,2.418916999886278,11050.083023449952,11392.707133049907,11410.562119300266,18.549821019878436,7.454461580427959,celery,20000,932.8069397742986,0.4601552307076672,937.7891634641641,927.7201390370777,"[932.8, 937.3, 930.8, 927.7, 937.8]",1.1035000000000001,22.07,777.920512,multi-queue-uneven
True,3.05935,0,97.21193500035952,149.11995073986873,99718.2470900445,0,0.0004809999154531397,0,0,0,0,B-alo,,0.012322949999997945,0.2464589999999589,3.644232,5.602271,3.969304,5,,,"{""concurrency"": 200, ""mode"": ""reliable"", ""processes"": 4, ""producer"": ""batch"", ""producers"": 4, ""style"": ""async"", ""system"": ""blitzq"", ""visibility_timeout"": 10}",97.21144400009507,118.62044600002264,22.700016499584308,22.127666999949724,146.3088532000711,149.11921974942743,149.3145712003752,36.67328101984822,37.52353124970796,blitzq,20000,62496.29084516582,1.2571213702366242,63109.83546781285,61449.152663596215,"[62890.7, 62496.3, 61471.5, 61449.2, 63109.8]",0.061999999999999986,1.2399999999999998,155.856896,multi-queue-uneven
True,10.01305,0,2091.2725974999375,2702.2276939904623,5800.96020933342,0,0.003266000021540094,0,0,0,0,B-alo,,0.1983150500000022,3.966301000000044,12.680568,52.423569,22.041353,5,,,"{""acks_late"": true, ""concurrency"": 8, ""pool"": ""prefork"", ""prefetch"": 4, ""processes"": 4, ""producer"": ""sync"", ""producers"": 4, ""system"": ""celery"", ""visibility_timeout"": 10}",2091.267682999842,2235.8602779995636,2.840439999999944,2.522289500120678,2653.1004525997105,2702.225369760381,2703.9581453901155,5.956570400321649,4.501181750047182,celery,20000,3276.631984662659,1.4148707053489815,3314.0985709083075,3204.2962886772198,"[3216.2, 3276.6, 3204.3, 3277.3, 3314.1]",1.2730000000000001,25.46,1702.78912,multi-queue-uneven
True,4.4323,0,1.8794729999171977,3.0127806300606608,2604.633945457601,0,0.001842999608925311,0,0,0,0,A-alo,,0.10885630000000077,2.1771260000000154,2.595624,7.306621,4.281464,5,,,"{""concurrency"": 16, ""mode"": ""reliable"", ""processes"": 1, ""producer"": ""sync"", ""style"": ""sync"", ""system"": ""blitzq"", ""visibility_timeout"": 10}",1.8776309998429497,,,,2.590066299399041,3.008736380106711,,,,blitzq,20000,2604.054959829341,1.715654233701672,2663.2580046483,2547.6109861982886,"[2663.3, 2612.3, 2604.1, 2567.7, 2547.6]",0.4315,8.629999999999999,38.785024,noop
True,10.01615,0,6457.324779499686,12738.910440619973,1843.6726874987628,0,0.0018240007193526253,0,0,0,0,A-alo,,0.24267649999999888,4.853529999999978,13.812424,50.848088,22.372828,5,,,"{""acks_late"": true, ""concurrency"": 16, ""pool"": ""prefork"", ""prefetch"": 4, ""processes"": 1, ""producer"": ""sync"", ""system"": ""celery"", ""visibility_timeout"": 10}",6457.323391499813,,,,12079.506166349527,12738.908409129654,,,,celery,20000,854.5285630086634,3.136243004865423,880.8573557397156,816.0594783788754,"[880.9, 823.4, 854.5, 857.2, 816.1]",1.2175,24.35,775.241728,noop
True,1.82655,0,1.2260049998076283,2.0371395396705334,2689.3693057646037,0,0.002054000105999876,0,0,0,0,A-amo,,0.09039959999999923,1.8079919999999845,2.57444,3.607077,2.322657,5,,,"{""concurrency"": 16, ""mode"": ""fast"", ""processes"": 1, ""producer"": ""sync"", ""style"": ""sync"", ""system"": ""blitzq"", ""visibility_timeout"": 10}",1.2240900000506372,,,,1.6937422500632235,2.0348702000228505,,,,blitzq,20000,2689.0595259042498,1.655742564078178,2726.234526853435,2608.187879724743,"[2667.2, 2726.2, 2698.6, 2608.2, 2689.1]",0.4299999999999999,8.599999999999998,38.785024,noop
True,10.0158,0,6297.608702000616,12325.675229310462,1861.037350640403,0,0.0020339994080131873,0,0,0,0,A-amo,,0.2438280000000006,4.876560000000012,13.626056,50.848085,22.371065,5,,,"{""acks_late"": false, ""concurrency"": 16, ""pool"": ""prefork"", ""prefetch"": 4, ""processes"": 1, ""producer"": ""sync"", ""system"": ""celery"", ""visibility_timeout"": 10}",6297.605857000235,,,,11796.70044175009,12325.673534650312,,,,celery,20000,865.2882888340216,2.5367706534128387,882.4835886150953,826.5678395079386,"[848.0, 865.3, 882.5, 870.6, 826.6]",1.2125000000000001,24.25,778.801152,noop
True,3.0394,0,90.18617150013597,139.99526045013226,91631.83240531193,0,0.000490999809699133,0,0,0,0,B-alo,,0.012563699999999756,0.2512739999999951,3.360704,5.834649,4.076489,5,,,"{""concurrency"": 200, ""mode"": ""reliable"", ""processes"": 4, ""producer"": ""batch"", ""producers"": 4, ""style"": ""async"", ""system"": ""blitzq"", ""visibility_timeout"": 10}",90.18556049977633,,,,137.23570690035558,139.99477975022273,,,,blitzq,20000,63541.58578670574,6.990277261940476,64612.0226530957,55148.99015334116,"[55149.0, 64612.0, 64287.9, 63541.6, 58070.6]",0.061500000000000006,1.23,155.881472,noop
True,10.00775,0,1621.8743664999238,2619.927712869512,5262.44754740941,0,0.0034869999581133015,0,0,0,0,B-alo,,0.20452114999999937,4.090422999999987,12.489448,50.844549,22.270712,5,,,"{""acks_late"": true, ""concurrency"": 8, ""pool"": ""prefork"", ""prefetch"": 4, ""processes"": 4, ""producer"": ""sync"", ""producers"": 4, ""system"": ""celery"", ""visibility_timeout"": 10}",1621.869863000029,,,,2542.6451537493904,2619.9231960795532,,,,celery,20000,3139.4942325278175,7.005522272102614,3343.423257578422,2823.723341894937,"[2823.7, 3139.5, 3313.0, 3343.4, 2993.1]",1.327,26.54,1699.442688,noop
True,2.37535,0,,,3146.3255735112475,0,0.0010720004866016097,0,0,0,0,A-alo,,0.021221500000000046,0.424430000000001,4.721272,3.01153,3.506443,5,,,"{""concurrency"": 16, ""mode"": ""reliable"", ""processes"": 1, ""producer"": ""sync"", ""style"": ""sync"", ""system"": ""blitzq"", ""visibility_timeout"": 10}",,,,,,,,,,blitzq,20000,5502.534522289338,2.496735920759504,5586.276246761518,5246.051140450487,"[5246.1, 5459.0, 5586.3, 5569.3, 5502.5]",0.22699999999999998,4.54,38.895616,noop-drain
True,9.01565,0,,,2185.732529691328,0,0.0014630004443461075,0,0,0,0,A-alo,,0.16473604999999905,3.2947209999999814,23.034952,29.965746,22.241386,5,,,"{""acks_late"": true, ""concurrency"": 16, ""pool"": ""prefork"", ""prefetch"": 4, ""processes"": 1, ""producer"": ""sync"", ""system"": ""celery"", ""visibility_timeout"": 10}",,,,,,,,,,celery,20000,966.6725570391889,5.8919634976838395,985.1165757010657,848.7224126059147,"[848.7, 920.9, 966.7, 968.2, 985.1]",1.1305,22.61,779.595776,noop-drain
True,0.1621,0,,,3240.867027275992,0,0.0010519997886149213,0,0,0,0,A-amo,,0.008489550000000179,0.16979100000000358,4.50276,0.14451,2.143042,5,,,"{""concurrency"": 16, ""mode"": ""fast"", ""processes"": 1, ""producer"": ""sync"", ""style"": ""sync"", ""system"": ""blitzq"", ""visibility_timeout"": 10}",,,,,,,,,,blitzq,20000,7406.640696652802,0.6938317476557311,7460.67122551119,7335.958230889957,"[7442.7, 7460.7, 7336.0, 7406.6, 7369.2]",0.18199999999999997,3.6399999999999997,38.875136,noop-drain
True,9.0155,0,,,2196.3158748234428,0,0.0014229999578674324,0,0,0,0,A-amo,,0.16305240000000082,3.2610480000000166,23.024824,29.965815,22.239748,5,,,"{""acks_late"": false, ""concurrency"": 16, ""pool"": ""prefork"", ""prefetch"": 4, ""processes"": 1, ""producer"": ""sync"", ""system"": ""celery"", ""visibility_timeout"": 10}",,,,,,,,,,celery,20000,984.3166166948342,0.7967572814356857,995.1137658670492,975.199086585123,"[975.2, 986.4, 977.7, 984.3, 995.1]",1.1115000000000002,22.23,778.30144,noop-drain
True,2.0449,0,,,196315.2780564473,0,0.0004910007191938348,0,0,0,0,B-alo,,0.009328200000001629,0.1865640000000326,5.364784,2.717021,3.420493,5,,,"{""concurrency"": 200, ""mode"": ""reliable"", ""processes"": 4, ""producer"": ""batch"", ""producers"": 4, ""style"": ""async"", ""system"": ""blitzq"", ""visibility_timeout"": 10}",,,,,,,,,,blitzq,20000,70695.60595063883,3.3661117393884163,75166.32569643688,68712.95849742323,"[70695.6, 70293.5, 71319.1, 68713.0, 75166.3]",0.157,3.14,157.405184,noop-drain
True,9.01125,0,,,7671.394741459964,0,0.0025740000637597404,0,0,0,0,B-alo,,0.14542189999999663,2.908437999999933,23.06248,29.965625,22.151259,5,,,"{""acks_late"": true, ""concurrency"": 8, ""pool"": ""prefork"", ""prefetch"": 4, ""processes"": 4, ""producer"": ""sync"", ""producers"": 4, ""system"": ""celery"", ""visibility_timeout"": 10}",,,,,,,,,,celery,20000,3737.6312079506597,0.3917905914159781,3765.8249522627775,3730.873645941203,"[3765.8, 3737.6, 3730.9, 3752.6, 3734.1]",1.3535000000000001,27.07,1700.335616,noop-drain
True,5.1524,0,2643.6811724997824,5380.297096979466,2862.6240346156683,0,20.13349999924685,0,0,0,0,A-alo,5.06308700199952,0.13854959999998753,0.6927479999999377,2.95192,2.015559,1.153586,5,,,"{""concurrency"": 16, ""mode"": ""reliable"", ""processes"": 1, ""producer"": ""sync"", ""style"": ""sync"", ""system"": ""blitzq"", ""visibility_timeout"": 10}",2623.558067999511,,,,5128.475010999682,5359.946939129295,,,,blitzq,5000,694.5213643255184,3.369176053875786,725.3046015788715,665.5247816965682,"[694.5, 718.3, 694.5, 725.3, 665.5]",0.8420000000000002,4.210000000000001,38.621184,redis-interruption
True,10.1952,77,2274.641006500133,4406.477139859418,1946.0764835387906,0,20.10965449971991,0,0,0,0,A-alo,4.383416869999564,0.2626204000000143,1.3131020000000717,5.88416,12.972862,5.788189,5,,,"{""acks_late"": true, ""concurrency"": 16, ""pool"": ""prefork"", ""prefetch"": 4, ""processes"": 1, ""producer"": ""sync"", ""system"": ""celery"", ""visibility_timeout"": 10}",2254.5321835013965,,,,4208.668386548561,4386.342362239047,,,,celery,5000,714.3570556960876,0.5170732583592766,714.7690545988945,707.3682329087934,"[714.6, 707.4, 708.4, 714.4, 714.8]",1.404,7.02,817.74592,redis-interruption
True,1.8428,0,2551.095217000693,5154.578972129931,2975.682509472688,0,20.112331999371236,0,0,0,0,A-amo,4.8466935100004775,0.10760659999998551,0.5380329999999276,2.8988,0.897278,0.623218,5,,,"{""concurrency"": 16, ""mode"": ""fast"", ""processes"": 1, ""producer"": ""sync"", ""style"": ""sync"", ""system"": ""blitzq"", ""visibility_timeout"": 10}",2530.396513499909,,,,4905.870713750755,5134.131588879936,,,,blitzq,5000,725.9930444131642,2.309745979642819,747.7247638687111,704.2061688422624,"[712.7, 729.8, 747.7, 704.2, 726.0]",0.662,3.31,39.002112,redis-interruption
True,10.1822,2,2108.6539590005486,4090.026654660033,1955.2953549292567,0,20.103867999750946,0,0,0,0,A-amo,4.071442555999965,0.26578300000001037,1.3289150000000518,5.781576,12.986364,5.793512,5,,,"{""acks_late"": false, ""concurrency"": 16, ""pool"": ""prefork"", ""prefetch"": 4, ""processes"": 1, ""producer"": ""sync"", ""system"": ""celery"", ""visibility_timeout"": 10}",2088.553708499603,,,,3908.370396401642,4069.934231579646,,,,celery,5000,747.8599230345549,0.13214224794151486,748.7000830324872,746.5751579103693,"[748.5, 746.6, 746.7, 747.9, 748.7]",1.5000000000000002,7.500000000000001,815.214592,redis-interruption
True,5.324,0,1.9068180008616764,2.7985563305446703,2784.8050693765344,0,0.0016530011635040864,0,0,0,0,A-alo,,0.10488089999998919,1.048808999999892,6.65092,6.703089,2.268329,5,,,"{""concurrency"": 16, ""mode"": ""reliable"", ""processes"": 1, ""producer"": ""sync"", ""style"": ""sync"", ""system"": ""blitzq"", ""visibility_timeout"": 10}",1.9053490004807827,,,,2.513046599233348,2.7970944201115344,,,,blitzq,10000,2783.5182832028177,0.5536581243356832,2793.425019995489,2758.061851543281,"[2793.4, 2758.1, 2764.2, 2783.5, 2787.6]",0.40199999999999997,4.02,38.7072,result-storage
True,17.0155,0,1794.1682945001958,3448.073172141394,1542.0544662954,0,0.0017130005289800465,0,0,0,0,A-alo,,0.39111109999998916,3.9111109999998916,8.623816,33.371831,13.328613,5,,,"{""acks_late"": true, ""concurrency"": 16, ""pool"": ""prefork"", ""prefetch"": 4, ""processes"": 1, ""producer"": ""sync"", ""system"": ""celery"", ""visibility_timeout"": 10}",1794.1658849995292,,,,3313.7871094494585,3448.0715103412335,,,,celery,10000,1002.4745025484002,0.39648505383044297,1005.2984671907083,996.6673455240709,"[1004.8, 1002.5, 1005.3, 996.7, 997.8]",1.3399999999999999,13.399999999999999,809.046016,result-storage
True,4.0434,0,81.88049650016183,124.37070000967651,104100.63975152226,0,0.0004910016286885366,0,0,0,0,B-alo,,0.014805899999998928,0.14805899999998928,6.953104,6.0215,2.185468,5,,,"{""concurrency"": 200, ""mode"": ""reliable"", ""processes"": 4, ""producer"": ""batch"", ""producers"": 4, ""style"": ""async"", ""system"": ""blitzq"", ""visibility_timeout"": 10}",81.88003050054249,,,,119.48110815046675,124.37020920986471,,,,blitzq,10000,49520.878812120165,2.77248973093094,50738.32816869598,47460.34699895889,"[48066.6, 47460.3, 50738.3, 49520.9, 50011.3]",0.077,0.77,155.332608,result-storage
True,17.0125,0,871.6069394995429,1314.7526250604824,4199.22608700145,0,0.0026350007829023525,0,0,0,0,B-alo,,0.32233430000001134,3.2233430000001135,9.732368,33.371891,13.29075,5,,,"{""acks_late"": true, ""concurrency"": 8, ""pool"": ""prefork"", ""prefetch"": 4, ""processes"": 4, ""producer"": ""sync"", ""producers"": 4, ""system"": ""celery"", ""visibility_timeout"": 10}",871.6036229989186,,,,1292.9668096998284,1314.7509716209242,,,,celery,10000,2748.0794148391215,0.9225551942793518,2755.585872853162,2693.806665377359,"[2755.6, 2748.1, 2748.5, 2693.8, 2726.4]",1.718,17.18,1736.953856,result-storage
True,9.7684,0,620.9318344999701,1457.1820186400328,2662.65641215249,0,0.0012029995559714735,2500,0,0,0,A-alo,,0.12493219999998927,0.6246609999999464,2.881152,3.129208,1.669785,5,,,"{""concurrency"": 16, ""mode"": ""reliable"", ""processes"": 1, ""producer"": ""sync"", ""style"": ""sync"", ""system"": ""blitzq"", ""visibility_timeout"": 10}",620.930541999769,,,,1394.0438064004413,1457.1800546294253,,,,blitzq,5000,1744.5453658554682,0.8521603208291463,1761.1884998766511,1719.9657975439611,"[1747.3, 1744.5, 1744.0, 1720.0, 1761.2]",0.43199999999999994,2.1599999999999997,39.15776,retry-heavy
True,15.0502,0,4281.602907500201,7250.739033610444,1805.3984678353427,0,0.0029060001907055266,2500,0,0,0,A-alo,,0.3630431999999928,1.815215999999964,7.19584,19.852634,8.794181,5,,,"{""acks_late"": true, ""concurrency"": 16, ""pool"": ""prefork"", ""prefetch"": 4, ""processes"": 1, ""producer"": ""sync"", ""system"": ""celery"", ""visibility_timeout"": 10}",4281.600197500211,,,,7245.564693299684,7250.737442620466,,,,celery,5000,497.4666325683863,0.7332912902408861,503.838942833123,495.01858236498475,"[497.5, 501.3, 503.8, 495.0, 496.3]",3.3579999999999997,16.79,915.132416,retry-heavy
True,9.2532,0,429.6568230001867,500.15456550832835,62904.09432890643,0,0.001953999344550539,2500,0,0,0,B-alo,,0.035927399999991394,0.17963699999995697,3.643936,3.027906,1.68321,5,,,"{""concurrency"": 200, ""mode"": ""reliable"", ""processes"": 4, ""producer"": ""batch"", ""producers"": 4, ""style"": ""async"", ""system"": ""blitzq"", ""visibility_timeout"": 10}",429.65508500037686,,,,483.15962324968496,500.1528722994045,,,,blitzq,5000,8577.481317690084,0.8020471774484195,8660.325756282817,8472.423830388452,"[8660.3, 8588.8, 8541.4, 8577.5, 8472.4]",0.23399999999999999,1.17,153.665536,retry-heavy
True,15.1026,0,1520.578468000167,2602.6838274705915,3592.5234663473616,0,0.004814500243810471,2500,0,0,0,B-alo,,0.34488899999998923,1.724444999999946,9.380392,19.862419,8.759477,5,,,"{""acks_late"": true, ""concurrency"": 8, ""pool"": ""prefork"", ""prefetch"": 4, ""processes"": 4, ""producer"": ""sync"", ""producers"": 4, ""system"": ""celery"", ""visibility_timeout"": 10}",1520.5733934999444,,,,2566.9636667501436,2602.6809301799585,,,,celery,5000,1369.7257026372565,1.173918257648889,1392.7424350488175,1354.6656415277218,"[1366.3, 1389.5, 1369.7, 1392.7, 1354.7]",4.5200000000000005,22.6,1943.937024,retry-heavy
True,15.5076,0,2002.225687500868,2003.2211144898065,2595.303281519528,0,0.001562999386806041,0,0,0,0,A-alo,,0.14641859999999268,0.7320929999999635,4.648256,3.353818,1.280763,5,2.2242470004130155,3.2193196896878375,"{""concurrency"": 16, ""mode"": ""reliable"", ""processes"": 1, ""producer"": ""sync"", ""style"": ""sync"", ""system"": ""blitzq"", ""visibility_timeout"": 10}",2002.224247000413,,,,2002.8926166000929,2003.2193196896876,,,,blitzq,5000,1272.8419656006515,0.47000180047070594,1279.974365451533,1264.4715724084576,"[1273.1, 1280.0, 1264.5, 1272.8, 1267.3]",0.43200000000000005,2.16,38.854656,scheduled
True,10.0194,0,2002.3152150006354,2877.4827572698996,1936.647393477763,0,0.0021440009732032195,0,0,0,0,A-alo,,0.23516299999998866,1.1758149999999432,8.15044,12.997807,5.738511,5,2.3110270003599,877.4813048702528,"{""acks_late"": true, ""concurrency"": 16, ""pool"": ""prefork"", ""prefetch"": 4, ""processes"": 1, ""producer"": ""sync"", ""system"": ""celery"", ""visibility_timeout"": 10}",2002.31102700036,,,,2762.9688237015216,2877.4813048702526,,,,celery,5000,913.6210632529164,0.3700553575479348,914.2784607450674,907.6832618410589,"[907.8, 913.6, 914.3, 913.8, 907.7]",1.1579999999999997,5.789999999999999,836.66944,scheduled
True,11.1086,0,2013.3234079994509,2026.483332999851,40345.1316219397,0,0.0004610010364558548,0,0,0,0,B-alo,,0.023348599999985706,0.11674299999992854,4.979736,2.519811,1.074548,5,13.322957499440236,26.48251369080754,"{""concurrency"": 200, ""mode"": ""reliable"", ""processes"": 4, ""producer"": ""batch"", ""producers"": 4, ""style"": ""async"", ""system"": ""blitzq"", ""visibility_timeout"": 10}",2013.3229574994402,,,,2024.4493242998942,2026.4825136908073,,,,blitzq,5000,2358.6151999386593,0.918055148320217,2393.5255409865263,2335.08330983534,"[2358.6, 2374.6, 2358.1, 2335.1, 2393.5]",0.06199999999999995,0.3099999999999997,154.198016,scheduled
True,10.0238,0,2000.560669499464,2001.5342055301514,5822.463011286849,0,0.0020740008039865643,0,0,0,0,B-alo,,0.20869540000001052,1.0434770000000526,10.268056,13.009319,5.72757,5,0.5587924997598748,1.5306427392533808,"{""acks_late"": true, ""concurrency"": 8, ""pool"": ""prefork"", ""prefetch"": 4, ""processes"": 4, ""producer"": ""sync"", ""producers"": 4, ""system"": ""celery"", ""visibility_timeout"": 10}",2000.5587924997599,,,,2001.1099794015536,2001.5306427392532,,,,celery,5000,1748.820064631367,0.4606969322273169,1752.9699016784728,1735.1103488636775,"[1735.1, 1753.0, 1748.8, 1740.1, 1752.9]",1.338,6.69,1743.327232,scheduled
True,4.4274,0,1.7202895000991703,2.4673071098550263,2771.8874511120694,0,0.0017840002328739502,0,0,0,0,A-alo,,0.10173245000000009,2.0346490000000017,2.618336,27.885348,24.853506,5,,,"{""concurrency"": 16, ""mode"": ""reliable"", ""processes"": 1, ""producer"": ""sync"", ""style"": ""sync"", ""system"": ""blitzq"", ""visibility_timeout"": 10}",1.7185924998557311,,,,2.2117350999906193,2.465643330588135,,,,blitzq,20000,2771.33687755927,0.49939119725145875,2785.8337810994826,2748.9262471072716,"[2748.9, 2785.8, 2769.2, 2778.5, 2771.3]",0.40249999999999997,8.049999999999999,38.731776,small-payload
True,10.015,0,5977.232920500228,11399.584267880182,1946.3131567440687,0,0.001543000507808756,0,0,0,0,A-alo,,0.24352240000000053,4.87044800000001,41.471232,145.720481,69.799961,5,,,"{""acks_late"": true, ""concurrency"": 16, ""pool"": ""prefork"", ""prefetch"": 4, ""processes"": 1, ""producer"": ""sync"", ""system"": ""celery"", ""visibility_timeout"": 10}",5977.231387500069,,,,10952.613017500062,11399.582824880426,,,,celery,20000,918.7242505169637,0.2122796723296123,920.9661885534077,915.6968844357365,"[917.6, 919.2, 918.7, 915.7, 921.0]",1.117,22.34,778.58816,small-payload
True,3.03965,0,65.24630049989355,112.04819124025562,81673.91839187192,0,0.0005109995981911197,0,0,0,0,B-alo,,0.01394380000000126,0.2788760000000252,5.397776,26.415001,24.6568,5,,,"{""concurrency"": 200, ""mode"": ""reliable"", ""processes"": 4, ""producer"": ""batch"", ""producers"": 4, ""style"": ""async"", ""system"": ""blitzq"", ""visibility_timeout"": 10}",65.24567900032707,,,,110.26879625001129,112.04761164048249,,,,blitzq,20000,59269.776790911645,1.3241430142184936,60308.13676555258,58351.57126281273,"[59269.8, 58351.6, 60308.1, 59808.5, 58760.7]",0.064,1.28,155.779072,small-payload
True,10.0076,0,1710.5465434997313,2715.503445679742,5463.352826303417,0,0.003431500317674363,0,0,0,0,B-alo,,0.21879789999999844,4.375957999999969,37.015624,145.71708,69.706097,5,,,"{""acks_late"": true, ""concurrency"": 8, ""pool"": ""prefork"", ""prefetch"": 4, ""processes"": 4, ""producer"": ""sync"", ""producers"": 4, ""system"": ""celery"", ""visibility_timeout"": 10}",1710.543643499932,,,,2640.714074700327,2715.499470989971,,,,celery,20000,3129.336952972581,1.910551780251333,3169.645657107151,3018.2702655573385,"[3129.3, 3169.6, 3156.1, 3116.4, 3018.3]",1.3179999999999998,26.36,1700.245504,small-payload
True,5.8375,1,3791.3138040003105,6634.847302519101,3029.9368165315345,0,50.12216349859955,0,0,0,0,A-alo,16.88062698900103,0.20173649999998133,0.40347299999996267,2.760384,0.88178,0.580167,5,,,"{""concurrency"": 16, ""mode"": ""reliable"", ""processes"": 1, ""producer"": ""sync"", ""style"": ""sync"", ""system"": ""blitzq"", ""visibility_timeout"": 10}",3741.2210705006146,,,,6356.604019900442,6584.74843876882,,,,blitzq,2000,106.00693878138628,0.03760531854706818,106.0234139064353,105.92329796709315,"[106.0, 105.9, 106.0, 106.0, 106.0]",1.135,2.27,39.071744,worker-crash
True,12.884,0,4180.643001000135,103255.25989718932,2032.344021427869,0,50.11783650115831,0,0,0,0,A-alo,101.6263716400008,0.6604370000000017,1.3208740000000034,4.249048,5.42727,3.015634,5,,,"{""acks_late"": true, ""concurrency"": 16, ""pool"": ""prefork"", ""prefetch"": 4, ""processes"": 1, ""producer"": ""sync"", ""system"": ""celery"", ""visibility_timeout"": 10}",4130.522286999621,,,,6667.609480498959,103205.15228596856,,,,celery,2000,19.29658579887704,0.019928516293285136,19.29998132340331,19.290333905625673,"[19.3, 19.3, 19.3, 19.3, 19.3]",2.605,5.21,820.994048,worker-crash
False,2.0255,0,3768.7008405000597,6565.584767890032,3128.2840481532367,0,50.12021249967802,0,79,16,0,A-amo,5.258802239999568,0.13896149999993668,0.27792299999987335,2.727464,0.376659,0.311315,5,,,"{""concurrency"": 16, ""mode"": ""fast"", ""processes"": 1, ""producer"": ""sync"", ""style"": ""sync"", ""system"": ""blitzq"", ""visibility_timeout"": 10}",3718.5946094996325,,,,6280.8988879000935,6515.485639010731,,,,blitzq,2000,273.49616166997987,0.5222995969396852,274.53625866891605,271.4467928517821,"[273.5, 274.5, 274.3, 271.4, 271.8]",0.9249999999999999,1.8499999999999999,38.99392,worker-crash
False,12.9185,0,4109.867719500471,103226.02008920907,2022.0533775523968,0,50.11025699968741,0,80,16,0,A-amo,101.62044376199992,0.6804114999999911,1.3608229999999821,4.224864,5.429566,3.04067,5,,,"{""acks_late"": false, ""concurrency"": 16, ""pool"": ""prefork"", ""prefetch"": 4, ""processes"": 1, ""producer"": ""sync"", ""system"": ""celery"", ""visibility_timeout"": 10}",4059.7557045011854,,,,6483.18006054933,103175.91471231982,,,,celery,2000,19.1452928611619,0.016449764837366366,19.146498974540666,19.138935888224662,"[19.1, 19.1, 19.1, 19.1, 19.1]",2.71,5.42,819.863552,worker-crash
